﻿id,doc_id,nd_title,nd_first_name,nd_last_name,nd_position,submitted_date,disclosure_announcement_date,disclosure_start_date,disclosure_end_date,date_by_submitted_case,royal_start_date,agency,submitter_id,submitter_title,submitter_first_name,submitter_last_name,submitter_age,submitter_marital_status,submitter_status_date,submitter_status_month,submitter_status_year,submitter_sub_district,submitter_district,submitter_province,submitter_post_code,submitter_phone_number,submitter_mobile_number,submitter_email,spouse_id,spouse_title,spouse_first_name,spouse_last_name,spouse_age,spouse_status,spouse_status_date,spouse_status_month,spouse_status_year,statement_valuation_submitter_total,statement_valuation_spouse_total,statement_valuation_child_total,statement_detail_count,has_statement_detail_note,asset_count,asset_land_count,asset_building_count,asset_vehicle_count,asset_other_count,asset_total_valuation_amount,asset_land_valuation_amount,asset_building_valuation_amount,asset_vehicle_valuation_amount,asset_other_asset_valuation_amount,asset_valuation_submitter_amount,asset_valuation_spouse_amount,asset_valuation_child_amount,relative_count,relative_has_death_flag
62,190,นางสาว,วทันยา,บุนนาค,สมาชิกสภาผู้แทนราษฎร (ส.ส.),16/8/2022,13/12/2022,13/12/2022,10/6/2023,5/6/2019,NONE,สำนักงานเลขาธิการสภาผู้แทนราษฎร,40,นางสาว,วทันยา,บุนนาค,38,สมรส,NONE,NONE,NONE,คลองตันเหนือ,วัฒนา,กรุงเทพมหานคร,10110.0,NONE,NONE,NONE,400,นาง,คู่สมรส วทันยา,บุนนาค,NONE,NONE,NONE,NONE,NONE,1602720.0,17211937.93,0.0,3,0,9,1,0,0,8,15391756.73691273,2312226.1226943224,0.0,0.0,13079530.614218406,7695878.368456365,4617527.021073818,3078351.347382546,4,0
63,191,พลเรือเอก,สมประสงค์,นิลสมัย,สมาชิกวุฒิสภา (สว.),22/11/2022,13/12/2022,13/12/2022,10/6/2023,1/10/2022,1/10/2021,รัฐสภา,80,พลเรือเอก,สมประสงค์,นิลสมัย,0,สมรส,NONE,NONE,NONE,หลักสอง,บางแค,กรุงเทพมหานคร,10160.0,NONE,NONE,NONE,800,นาง,คู่สมรส สมประสงค์,นิลสมัย,NONE,NONE,NONE,NONE,NONE,1059500.0,800688.0,0.0,1,0,3,0,0,0,3,42285.126051908854,0.0,0.0,0.0,42285.126051908854,21142.563025954427,12685.537815572656,8457.025210381771,1,1
168,298,พลตำรวจเอก,สุวัฒน์,แจ้งยอดสุข,สมาชิกวุฒิสภา (สว.),1/10/2022,29/12/2022,29/12/2022,26/6/2023,1/10/2020,6/12/2020,สำนักงานเลขาธิการวุฒิสภา,41,พลตำรวจเอก,สุวัฒน์,แจ้งยอดสุข,60,อยู่กินกันฉันสามีภริยาตามที่คณะกรรมการ ป.ป.ช. กำหนด,NONE,NONE,NONE,บางชัน,คลองสามวา,กรุงเทพมหานคร,10510.0,NONE,NONE,NONE,410,NONE,NONE,แจ้งยอดสุข,NONE,NONE,NONE,NONE,NONE,6320520.0,11134130.67,1362720.0,5,0,8,0,0,0,8,2625051.517188848,0.0,0.0,0.0,2625051.517188848,1312525.758594424,787515.4551566544,525010.3034377696,4,1
292,422,นาย,ศุภชัย,โพธิ์สุ,สมาชิกสภาผู้แทนราษฎร (ส.ส.),20/3/2023,15/6/2023,23/6/2023,19/12/2023,25/5/2019,NONE,สำนักงานเลขาธิการสภาผู้แทนราษฎร,44,นาย,ศุภชัย,โพธิ์สุ,65,สมรส,NONE,NONE,NONE,ศรีสงคราม,ศรีสงคราม,นครพนม,48150.0,NONE,NONE,NONE,440,นาง,คู่สมรส ศุภชัย,โพธิ์สุ,NONE,NONE,NONE,NONE,NONE,1320000.0,0.0,0.0,3,0,5,1,0,1,3,13849457.374104979,1171614.2115613704,0.0,331530.8045653326,12346312.357978275,6924728.687052489,4154837.2122314936,2769891.4748209957,5,1
428,558,นาย,ชวน,หลีกภัย,สมาชิกสภาผู้แทนราษฎร (ส.ส.),29/3/2023,12/6/2023,16/6/2023,12/12/2023,25/5/2019,25/5/2019,รัฐสภา,45,นาย,ชวน,หลีกภัย,85,NONE,NONE,NONE,NONE,ทับเที่ยง,เมืองตรัง,ตรัง,92000.0,NONE,NONE,NONE,450,นาง,NONE,หลีกภัย,NONE,NONE,NONE,NONE,NONE,28710385.63,15030741.24,488066.0,6,0,6,1,0,0,5,5202363.288367739,3668652.4032712304,0.0,0.0,1533710.8850965085,2601181.6441838695,1560708.9865103217,1040472.6576735479,3,0
663,792,นาย,เกื้อกูล,ด่านชัยวิจิตร,สมาชิกสภาผู้แทนราษฎร (ส.ส.),20/3/2023,7/6/2023,12/6/2023,8/12/2023,25/5/2019,NONE,พรรคภูมิใจไทย สำนักงานเลขาธิการสภาผู้แทนราษฎร,42,นาย,เกื้อกูล,ด่านชัยวิจิตร,60,สมรส,NONE,NONE,NONE,กะมัง,พระนครศรีอยุธยา,พระนครศรีอยุธยา,13000.0,NONE,NONE,NONE,420,นาง,คู่สมรส เกื้อกูล,ด่านชัยวิจิตร,NONE,NONE,NONE,NONE,NONE,123408673.88,168247505.73000002,840000.0,5,0,5,0,0,0,5,2887335.785291439,0.0,0.0,0.0,2887335.785291439,1443667.8926457195,866200.7355874317,577467.1570582878,1,0
674,803,NONE,เอกราช,ช่างเหลา,สมาชิกสภาผู้แทนราษฎร (ส.ส.),5/8/2019,15/10/2019,NONE,NONE,25/5/2019,NONE,พรรคพลังประชารัฐ,47,นาย,เอกราช,ช่างเหลา,61,หย่า,NONE,NONE,NONE,ในเมือง,เมืองขอนแก่น,ขอนแก่น,40000.0,NONE,NONE,NONE,470,นาง,คู่สมรส เอกราช,ช่างเหลา,NONE,NONE,NONE,NONE,NONE,12354339.52,28250580.19,0.0,2,1,9,2,1,0,6,11772728.483598243,2045953.782487792,2201015.886423756,0.0,7525758.814686697,5886364.241799122,3531818.545079473,2354545.696719649,6,0
727,857,NONE,อนุทิน,ชาญวีรกูล,สมาชิกสภาผู้แทนราษฎร (ส.ส.),5/8/2019,15/10/2019,NONE,NONE,25/5/2019,NONE,สำนักงานเลขาธิการสภาผู้แทนราษฎร,48,นาย,อนุทิน,ชาญวีรกูล,53,หย่า,NONE,NONE,NONE,อิสาณ,เมืองบุรีรัมย์,บุรีรัมย์,31000.0,NONE,NONE,NONE,NONE,นาง,NONE,ชาญวีรกูล,NONE,NONE,NONE,NONE,NONE,2482155.3200000003,0.0,1662720.0,3,0,6,1,1,0,4,5261667.574432194,178695.68758882734,1713804.8450777011,0.0,3369167.041765665,2630833.787216097,1578500.2723296583,1052333.5148864388,5,0
818,947,NONE,วทันยา,วงษ์โอภาสี,สมาชิกสภาผู้แทนราษฎร (ส.ส.),5/6/2019,15/10/2019,NONE,NONE,5/6/2019,NONE,พรรคพลังประชารัฐ,50,นางสาว,วทันยา,วงษ์โอภาสี,34,สมรส,NONE,NONE,NONE,คลองตันเหนือ,วัฒนา,กรุงเทพมหานคร,10110.0,NONE,NONE,NONE,500,NONE,คู่สมรส วทันยา,วงษ์โอภาสี,NONE,NONE,NONE,NONE,NONE,14597704.88,0.0,0.0,1,0,4,1,0,0,3,5603401.718538616,3050223.793658729,0.0,0.0,2553177.9248798867,2801700.859269308,1681020.5155615846,1120680.3437077233,4,0
885,1015,NONE,ทวี,สอดส่อง,สมาชิกสภาผู้แทนราษฎร (ส.ส.),16/9/2020,15/10/2019,NONE,NONE,16/9/2020,NONE,สำนักงานเลขาธิการสภาผู้แทนราษฎร / พรรคประชาชาติ,57,พันตำรวจเอก,ทวี,สอดส่อง,61,สมรส,NONE,NONE,NONE,ดอกไม้,ประเวศ,กรุงเทพมหานคร,10250.0,NONE,NONE,NONE,NONE,นาง,คู่สมรส ทวี,สอดส่อง,NONE,NONE,NONE,NONE,NONE,12563763.19,29127322.94,1446656.0,6,1,5,0,0,0,5,1677932.835058005,0.0,0.0,0.0,1677932.835058005,838966.4175290025,503379.8505174015,335586.56701160106,4,0
902,1032,NONE,พิธา,ลิ้มเจริญรัตน์,สมาชิกสภาผู้แทนราษฎร (ส.ส.),28/8/2019,15/10/2019,NONE,NONE,25/5/2019,25/5/2019,บัญชีรายชื่อ,56,นาย,พิธา,ลิ้มเจริญรัตน์,38,สมรส,NONE,NONE,NONE,พระโขนง,คลองเตย,กรุงเทพมหานคร,NONE,NONE,NONE,NONE,560,NONE,คู่สมรส พิธา,ลิ้มเจริญรัตน์,NONE,NONE,NONE,NONE,NONE,1362720.0,0.0,0.0,1,0,7,2,0,0,5,97277971.04808412,94915705.3732421,0.0,0.0,2362265.6748420466,48638985.52404206,29183391.314425237,19455594.209616825,3,1
907,1037,นาย,เท่าพิภพ,ลิ้มจิตรกร,สมาชิกสภาผู้แทนราษฎร (ส.ส.),20/6/2023,27/6/2023,5/7/2023,31/12/2023,20/3/2023,NONE,รัฐสภา,53,นาย,เท่าพิภพ,ลิ้มจิตรกร,34,อยู่กินกันฉันสามีภริยาตามที่คณะกรรมการ ป.ป.ช. กำหนด,NONE,NONE,NONE,บางกระสอ,เมืองนนทบุรี,นนทบุรี,11000.0,NONE,NONE,NONE,530,NONE,NONE,ลิ้มจิตรกร,NONE,NONE,NONE,NONE,NONE,11648056.159999998,75592848.31,3227339.8,9,0,4,2,0,1,1,12113321.420838071,10879491.890926816,0.0,19123.463146034304,1214706.0667652208,6056660.7104190355,3633996.426251421,2422664.2841676143,1,1
1550,1678,นาย,สุนทร,ปานแสงทอง,รัฐมนตรีช่วยว่าการกระทรวง,7/2/2023,24/2/2023,24/2/2023,22/8/2023,30/11/2022,30/11/2022,กระทรวงเกษตรและสหกรณ์,67,นาย,สุนทร,ปานแสงทอง,66,สมรส,NONE,NONE,NONE,บางปลา,บางพลี,สมุทรปราการ,10540.0,NONE,NONE,NONE,670,นาง,NONE,ปานแสงทอง,NONE,NONE,NONE,NONE,NONE,6158161.13,20716306.630000003,0.0,5,0,7,1,0,1,5,15410515.44458475,8416828.13551771,0.0,2964968.615233655,4028718.6938333847,7705257.722292375,4623154.633375425,3082103.08891695,3,0
1587,1715,นาย,วีรศักดิ์,หวังศุภกิจโกศล,รัฐมนตรีช่วยว่าการกระทรวง,25/3/2023,5/4/2023,12/4/2023,8/10/2023,18/1/2023,NONE,กระทรวงคมนาคม,68,นาย,วีรศักดิ์,หวังศุภกิจโกศล,68,สมรส,NONE,NONE,NONE,กุดโบสถ์,เสิงสาง,นครราชสีมา,30330.0,NONE,NONE,NONE,NONE,นาง,คู่สมรส วีรศักดิ์,หวังศุภกิจโกศล,NONE,NONE,NONE,NONE,NONE,5843599.95,18654628.27,1548720.0,5,0,5,0,0,0,5,3103426.8391355863,0.0,0.0,0.0,3103426.8391355863,1551713.4195677931,931028.0517406758,620685.3678271173,4,1
1702,1830,นาย,สาทิตย์,วงศ์หนองเตย,สมาชิกสภาผู้แทนราษฎร (ส.ส.),24/5/2023,12/6/2023,16/6/2023,12/12/2023,20/3/2023,NONE,รัฐสภา,75,นาย,สาทิตย์,วงศ์หนองเตย,62,สมรส,NONE,NONE,NONE,ห้วยยอด,ห้วยยอด,ตรัง,92130.0,NONE,NONE,NONE,750,นาง,คู่สมรส สาทิตย์,วงศ์หนองเตย,NONE,NONE,NONE,NONE,NONE,33441006.48,67246686.47,92499.0,4,0,3,0,0,0,3,546965.8914853166,0.0,0.0,0.0,546965.8914853166,273482.9457426583,164089.76744559497,109393.17829706332,2,1
1742,1870,NONE,ศรีนวล,บุญลือ,สมาชิกสภาผู้แทนราษฎร (ส.ส.),5/6/2019,15/10/2019,NONE,NONE,30/7/2019,NONE,พรรคอนาคตใหม่,76,นางสาว,ศรีนวล,บุญลือ,55,หย่า,NONE,NONE,NONE,แม่วิน,แม่วาง,เชียงใหม่,NONE,NONE,NONE,NONE,NONE,NONE,NONE,บุญลือ,NONE,NONE,NONE,NONE,NONE,277909923.3,64988071.12,3672520.0,2,0,5,1,0,1,3,2304650.332420298,1720397.6222106265,0.0,424236.5258702531,160016.18433941843,1152325.166210149,691395.0997260894,460930.0664840596,1,0
1807,1935,นางสาว,ศุภมาส,อิศรภักดิ,สมาชิกสภาผู้แทนราษฎร (ส.ส.),24/5/2023,6/6/2023,12/6/2023,8/12/2023,20/3/2023,25/5/2019,รัฐสภา,81,นางสาว,ศุภมาส,อิศรภักดิ,50,สมรส,NONE,NONE,NONE,ทุ่งสองห้อง,หลักสี่,กรุงเทพมหานคร,10210.0,NONE,NONE,NONE,810,นาง,NONE,อิศรภักดิ,NONE,NONE,NONE,NONE,NONE,5278290.53,1384500.0,3835193.63,7,0,6,1,0,1,4,6083364.631904614,3227257.6862406544,0.0,879831.4110313599,1976275.5346326004,3041682.315952307,1825009.3895713843,1216672.9263809228,0,0
1913,2041,นาย,ณัฐพงษ์,เรืองปัญญาวุฒิ,สมาชิกสภาผู้แทนราษฎร (ส.ส.) พรรคอนาคตใหม่,26/6/2023,27/6/2023,5/7/2023,31/12/2023,25/5/2019,NONE,สำนักงานเลขาธิการสภาผู้แทนราษฎร,82,นาย,ณัฐพงษ์,เรืองปัญญาวุฒิ,35,สมรส,NONE,NONE,NONE,บางเชือกหนัง,ตลิ่งชัน,กรุงเทพมหานคร,10170.0,NONE,NONE,NONE,NONE,NONE,คู่สมรส ณัฐพงษ์,เรืองปัญญาวุฒิ,NONE,NONE,NONE,NONE,NONE,3729036.0,0.0,141498.0,4,0,5,1,0,0,4,2996045.6223253347,1944784.0157539784,0.0,0.0,1051261.6065713558,1498022.8111626673,898813.6866976004,599209.1244650669,3,0
1970,2098,NONE,จุติ,ไกรฤกษ์,สมาชิกสภาผู้แทนราษฎร (ส.ส.),5/8/2019,15/10/2019,NONE,NONE,25/5/2019,NONE,พรรคประชาธิปัตย์,65,นาย,จุติ,ไกรฤกษ์,63,NONE,NONE,NONE,NONE,ในเมือง,เมืองพิษณุโลก,พิษณุโลก,65000.0,NONE,NONE,NONE,NONE,นาง,คู่สมรส จุติ,ไกรฤกษ์,NONE,NONE,NONE,NONE,NONE,16479008.940000001,4236000.0,0.0,4,0,4,3,1,0,0,145710321.87832144,95767891.61498506,49942430.26333638,0.0,0.0,72855160.93916072,43713096.56349643,29142064.37566429,1,0
2420,2548,NONE,ธรรมนัส,พรหมเผ่า,รัฐมนตรี,13/12/2021,10/2/2022,NONE,NONE,8/9/2021,10/7/2019,พรรคพลังประชารัฐ,73,ร้อยเอก,ธรรมนัส,พรหมเผ่า,56,สมรส,NONE,NONE,NONE,บ้านต๋อม,เมืองพะเยา,พะเยา,56000.0,NONE,NONE,NONE,730,NONE,NONE,พรหมเผ่า,NONE,NONE,NONE,NONE,NONE,1362720.0,400000.0,1488720.0,2,1,6,0,0,0,6,13539727.243355222,0.0,0.0,0.0,13539727.243355222,6769863.621677611,4061918.1730065662,2707945.448671045,2,0
2434,2562,NONE,ปรีดี,ดาวฉาย,รัฐมนตรี,5/11/2020,15/12/2021,NONE,NONE,12/8/2020,NONE,กระทรวงการคลัง,74,นาย,ปรีดี,ดาวฉาย,62,สมรส,NONE,NONE,NONE,บางกะปิ,ห้วยขวาง,กรุงเทพมหานคร,10310.0,NONE,NONE,NONE,740,NONE,คู่สมรส ปรีดี,ดาวฉาย,NONE,NONE,NONE,NONE,NONE,103559235.87,1113171.2100000002,0.0,4,0,4,0,0,0,4,2202227.5412182487,0.0,0.0,0.0,2202227.5412182487,1101113.7706091243,660668.2623654746,440445.50824364973,5,0
2445,2573,NONE,อภิศักดิ์,ตันติวรวงศ์,รัฐมนตรี,3/9/2019,15/10/2019,NONE,NONE,16/7/2019,NONE,กระทรวงการคลัง,78,นาย,อภิศักดิ์,ตันติวรวงศ์,65,สมรส,NONE,NONE,NONE,คลองมหานาค,ป้อมปราบศัตรูพ่าย,กรุงเทพมหานคร,10100.0,NONE,NONE,NONE,780,NONE,NONE,ตันติวรวงศ์,NONE,NONE,NONE,NONE,NONE,10988170.530000001,5996000.0,5130658.58,6,0,7,1,0,0,6,3350821.280322453,247520.3601161616,0.0,0.0,3103300.9202062916,1675410.6401612265,1005246.3840967359,670164.2560644906,2,0
2448,2576,NONE,อุตตม,สาวนายน,รัฐมนตรี,2/4/2019,15/10/2019,NONE,NONE,30/1/2019,NONE,กระทรวงอุตสาหกรรม,66,นาย,อุตตม,สาวนายน,58,สมรส,NONE,NONE,NONE,คลองตันเหนือ,วัฒนา,กรุงเทพมหานคร,NONE,NONE,NONE,NONE,NONE,นาง,คู่สมรส อุตตม,สาวนายน,NONE,NONE,NONE,NONE,NONE,21849713.32,11130788.07,35086229.03,5,1,6,0,0,0,6,5136734.662588144,0.0,0.0,0.0,5136734.662588144,2568367.331294072,1541020.398776443,1027346.9325176288,2,0
