﻿id,doc_id,nd_title,nd_first_name,nd_last_name,nd_position,submitted_date,disclosure_announcement_date,disclosure_start_date,disclosure_end_date,date_by_submitted_case,royal_start_date,agency,submitter_id,submitter_title,submitter_first_name,submitter_last_name,submitter_age,submitter_marital_status,submitter_status_date,submitter_status_month,submitter_status_year,submitter_sub_district,submitter_district,submitter_province,submitter_post_code,submitter_phone_number,submitter_mobile_number,submitter_email,spouse_id,spouse_title,spouse_first_name,spouse_last_name,spouse_age,spouse_status,spouse_status_date,spouse_status_month,spouse_status_year,statement_valuation_submitter_total,statement_valuation_spouse_total,statement_valuation_child_total,statement_detail_count,has_statement_detail_note,asset_count,asset_land_count,asset_building_count,asset_vehicle_count,asset_other_count,asset_total_valuation_amount,asset_land_valuation_amount,asset_building_valuation_amount,asset_vehicle_valuation_amount,asset_other_asset_valuation_amount,asset_valuation_submitter_amount,asset_valuation_spouse_amount,asset_valuation_child_amount,relative_count,relative_has_death_flag
62,190,นางสาว,วทันยา,บุนนาค,สมาชิกสภาผู้แทนราษฎร (ส.ส.),16/8/2022,13/12/2022,13/12/2022,10/6/2023,5/6/2019,NONE,สำนักงานเลขาธิการสภาผู้แทนราษฎร,40,นางสาว,วทันยา,บุนนาค,38,สมรส,NONE,NONE,NONE,คลองตันเหนือ,วัฒนา,กรุงเทพมหานคร,10110.0,NONE,NONE,NONE,400,นาง,คู่สมรส วทันยา,NONE,NONE,จดทะเบียนสมรส,NONE,NONE,NONE,NONE,NONE,NONE,4,NONE,1,0,0,0,1,1066432.1236698,0.0,0.0,0.0,1066432.1236698,533216.0618349,319929.63710094005,213286.42473396004,1,0
63,191,พลเรือเอก,สมประสงค์,นิลสมัย,สมาชิกวุฒิสภา (สว.),22/11/2022,13/12/2022,13/12/2022,10/6/2023,1/10/2022,1/10/2021,รัฐสภา,80,พลเรือเอก,สมประสงค์,นิลสมัย,0,สมรส,NONE,NONE,NONE,หลักสอง,บางแค,กรุงเทพมหานคร,10160.0,NONE,NONE,NONE,NONE,นาง,NONE,นิลสมัย,50,จดทะเบียนสมรส,NONE,NONE,NONE,NONE,NONE,NONE,2,NONE,5,1,0,0,4,23801296.92189726,21136144.64207923,0.0,0.0,2665152.2798180277,11900648.46094863,7140389.076569177,4760259.384379452,3,1
168,298,พลตำรวจเอก,สุวัฒน์,แจ้งยอดสุข,สมาชิกวุฒิสภา (สว.),1/10/2022,29/12/2022,29/12/2022,26/6/2023,1/10/2020,6/12/2020,สำนักงานเลขาธิการวุฒิสภา,41,พลตำรวจเอก,สุวัฒน์,แจ้งยอดสุข,60,อยู่กินกันฉันสามีภริยาตามที่คณะกรรมการ ป.ป.ช. กำหนด,NONE,NONE,NONE,บางชัน,คลองสามวา,กรุงเทพมหานคร,10510.0,NONE,NONE,NONE,410,นาง,NONE,NONE,50,จดทะเบียนสมรส,NONE,NONE,NONE,NONE,NONE,NONE,3,NONE,2,0,0,0,2,3417251.956102759,0.0,0.0,0.0,3417251.956102759,1708625.9780513796,1025175.5868308276,683450.3912205519,0,0
292,422,นาย,ศุภชัย,โพธิ์สุ,สมาชิกสภาผู้แทนราษฎร (ส.ส.),20/3/2023,15/6/2023,23/6/2023,19/12/2023,25/5/2019,NONE,สำนักงานเลขาธิการสภาผู้แทนราษฎร,44,นาย,ศุภชัย,โพธิ์สุ,65,สมรส,NONE,NONE,NONE,ศรีสงคราม,ศรีสงคราม,นครพนม,48150.0,NONE,NONE,NONE,440,นาง,NONE,โพธิ์สุ,50,จดทะเบียนสมรส,NONE,NONE,NONE,NONE,NONE,NONE,3,NONE,4,0,1,0,3,8439577.003413344,0.0,7903030.338375194,0.0,536546.6650381513,4219788.501706672,2531873.1010240032,1687915.400682669,1,0
428,558,นาย,ชวน,หลีกภัย,สมาชิกสภาผู้แทนราษฎร (ส.ส.),29/3/2023,12/6/2023,16/6/2023,12/12/2023,25/5/2019,25/5/2019,รัฐสภา,45,นาย,ชวน,หลีกภัย,85,NONE,NONE,NONE,NONE,ทับเที่ยง,เมืองตรัง,ตรัง,92000.0,NONE,NONE,NONE,450,NONE,คู่สมรส ชวน,NONE,NONE,จดทะเบียนสมรส,NONE,NONE,NONE,NONE,NONE,NONE,1,NONE,1,0,0,0,1,0.0,0.0,0.0,0.0,0.0,0.0,0.0,0.0,0,1
663,792,นาย,เกื้อกูล,ด่านชัยวิจิตร,สมาชิกสภาผู้แทนราษฎร (ส.ส.),20/3/2023,7/6/2023,12/6/2023,8/12/2023,25/5/2019,NONE,พรรคภูมิใจไทย สำนักงานเลขาธิการสภาผู้แทนราษฎร,42,นาย,เกื้อกูล,ด่านชัยวิจิตร,60,สมรส,NONE,NONE,NONE,กะมัง,พระนครศรีอยุธยา,พระนครศรีอยุธยา,13000.0,NONE,NONE,NONE,NONE,นาง,คู่สมรส เกื้อกูล,NONE,50,จดทะเบียนสมรส,NONE,NONE,NONE,NONE,NONE,NONE,3,NONE,6,0,0,0,6,2934940.9290254596,0.0,0.0,0.0,2934940.9290254596,1467470.4645127298,880482.2787076378,586988.185805092,3,0
674,803,NONE,เอกราช,ช่างเหลา,สมาชิกสภาผู้แทนราษฎร (ส.ส.),5/8/2019,15/10/2019,NONE,NONE,25/5/2019,NONE,พรรคพลังประชารัฐ,47,นาย,เอกราช,ช่างเหลา,61,หย่า,NONE,NONE,NONE,ในเมือง,เมืองขอนแก่น,ขอนแก่น,40000.0,NONE,NONE,NONE,470,NONE,คู่สมรส เอกราช,ช่างเหลา,NONE,จดทะเบียนสมรส,NONE,NONE,NONE,NONE,NONE,NONE,6,NONE,2,0,1,0,1,17901427.312553417,0.0,17799012.097078905,0.0,102415.21547451377,8950713.656276708,5370428.193766025,3580285.4625106836,2,0
727,857,NONE,อนุทิน,ชาญวีรกูล,สมาชิกสภาผู้แทนราษฎร (ส.ส.),5/8/2019,15/10/2019,NONE,NONE,25/5/2019,NONE,สำนักงานเลขาธิการสภาผู้แทนราษฎร,48,นาย,อนุทิน,ชาญวีรกูล,53,หย่า,NONE,NONE,NONE,อิสาณ,เมืองบุรีรัมย์,บุรีรัมย์,31000.0,NONE,NONE,NONE,480,นาง,คู่สมรส อนุทิน,ชาญวีรกูล,NONE,จดทะเบียนสมรส,NONE,NONE,NONE,NONE,NONE,NONE,5,NONE,5,1,0,0,4,7499678.384761862,4738776.731966568,0.0,0.0,2760901.652795294,3749839.192380931,2249903.5154285585,1499935.6769523725,4,0
818,947,NONE,วทันยา,วงษ์โอภาสี,สมาชิกสภาผู้แทนราษฎร (ส.ส.),5/6/2019,15/10/2019,NONE,NONE,5/6/2019,NONE,พรรคพลังประชารัฐ,50,นางสาว,วทันยา,วงษ์โอภาสี,34,สมรส,NONE,NONE,NONE,คลองตันเหนือ,วัฒนา,กรุงเทพมหานคร,10110.0,NONE,NONE,NONE,500,NONE,คู่สมรส วทันยา,วงษ์โอภาสี,NONE,จดทะเบียนสมรส,NONE,NONE,NONE,NONE,NONE,NONE,4,NONE,6,2,0,0,4,36718764.3074698,24187865.525828242,0.0,0.0,12530898.78164155,18359382.1537349,11015629.29224094,7343752.86149396,3,0
885,1015,NONE,ทวี,สอดส่อง,สมาชิกสภาผู้แทนราษฎร (ส.ส.),16/9/2020,15/10/2019,NONE,NONE,16/9/2020,NONE,สำนักงานเลขาธิการสภาผู้แทนราษฎร / พรรคประชาชาติ,57,พันตำรวจเอก,ทวี,สอดส่อง,61,สมรส,NONE,NONE,NONE,ดอกไม้,ประเวศ,กรุงเทพมหานคร,10250.0,NONE,NONE,NONE,570,NONE,NONE,สอดส่อง,50,จดทะเบียนสมรส,NONE,NONE,NONE,NONE,NONE,NONE,6,NONE,6,0,0,2,4,6416707.766518955,0.0,0.0,3870551.6087362776,2546156.1577826766,3208353.8832594776,1925012.3299556863,1283341.5533037912,1,0
902,1032,NONE,พิธา,ลิ้มเจริญรัตน์,สมาชิกสภาผู้แทนราษฎร (ส.ส.),28/8/2019,15/10/2019,NONE,NONE,25/5/2019,25/5/2019,บัญชีรายชื่อ,56,นาย,พิธา,ลิ้มเจริญรัตน์,38,สมรส,NONE,NONE,NONE,พระโขนง,คลองเตย,กรุงเทพมหานคร,NONE,NONE,NONE,NONE,560,นาง,NONE,ลิ้มเจริญรัตน์,50,จดทะเบียนสมรส,NONE,NONE,NONE,NONE,NONE,NONE,7,NONE,4,1,0,0,3,2042025.8648070062,1532209.4793176283,0.0,0.0,509816.3854893778,1021012.9324035031,612607.7594421018,408405.1729614013,1,0
907,1037,นาย,เท่าพิภพ,ลิ้มจิตรกร,สมาชิกสภาผู้แทนราษฎร (ส.ส.),20/6/2023,27/6/2023,5/7/2023,31/12/2023,20/3/2023,NONE,รัฐสภา,53,นาย,เท่าพิภพ,ลิ้มจิตรกร,34,อยู่กินกันฉันสามีภริยาตามที่คณะกรรมการ ป.ป.ช. กำหนด,NONE,NONE,NONE,บางกระสอ,เมืองนนทบุรี,นนทบุรี,11000.0,NONE,NONE,NONE,NONE,NONE,คู่สมรส เท่าพิภพ,NONE,50,จดทะเบียนสมรส,NONE,NONE,NONE,NONE,NONE,NONE,1,NONE,6,2,0,0,4,16166839.601020465,15328872.517347282,0.0,0.0,837967.0836731808,8083419.800510232,4850051.88030614,3233367.920204093,4,1
1550,1678,นาย,สุนทร,ปานแสงทอง,รัฐมนตรีช่วยว่าการกระทรวง,7/2/2023,24/2/2023,24/2/2023,22/8/2023,30/11/2022,30/11/2022,กระทรวงเกษตรและสหกรณ์,67,นาย,สุนทร,ปานแสงทอง,66,สมรส,NONE,NONE,NONE,บางปลา,บางพลี,สมุทรปราการ,10540.0,NONE,NONE,NONE,670,นาง,คู่สมรส สุนทร,ปานแสงทอง,NONE,จดทะเบียนสมรส,NONE,NONE,NONE,NONE,NONE,NONE,2,NONE,2,0,0,0,2,7917675.611852883,0.0,0.0,0.0,7917675.611852883,3958837.8059264417,2375302.6835558647,1583535.1223705767,3,1
1587,1715,นาย,วีรศักดิ์,หวังศุภกิจโกศล,รัฐมนตรีช่วยว่าการกระทรวง,25/3/2023,5/4/2023,12/4/2023,8/10/2023,18/1/2023,NONE,กระทรวงคมนาคม,68,นาย,วีรศักดิ์,หวังศุภกิจโกศล,68,สมรส,NONE,NONE,NONE,กุดโบสถ์,เสิงสาง,นครราชสีมา,30330.0,NONE,NONE,NONE,NONE,นาง,NONE,NONE,50,NONE,NONE,NONE,NONE,NONE,NONE,NONE,5,NONE,6,1,0,0,5,2396044.349898612,1501495.5498831314,0.0,0.0,894548.8000154807,1198022.174949306,718813.3049695836,479208.8699797224,3,0
1702,1830,นาย,สาทิตย์,วงศ์หนองเตย,สมาชิกสภาผู้แทนราษฎร (ส.ส.),24/5/2023,12/6/2023,16/6/2023,12/12/2023,20/3/2023,NONE,รัฐสภา,75,นาย,สาทิตย์,วงศ์หนองเตย,62,สมรส,NONE,NONE,NONE,ห้วยยอด,ห้วยยอด,ตรัง,92130.0,NONE,NONE,NONE,750,นาง,NONE,วงศ์หนองเตย,50,จดทะเบียนสมรส,NONE,NONE,NONE,NONE,NONE,NONE,2,NONE,2,0,0,0,2,3887687.008908214,0.0,0.0,0.0,3887687.008908214,1943843.504454107,1166306.1026724642,777537.4017816428,4,1
1742,1870,NONE,ศรีนวล,บุญลือ,สมาชิกสภาผู้แทนราษฎร (ส.ส.),5/6/2019,15/10/2019,NONE,NONE,30/7/2019,NONE,พรรคอนาคตใหม่,76,นางสาว,ศรีนวล,บุญลือ,55,หย่า,NONE,NONE,NONE,แม่วิน,แม่วาง,เชียงใหม่,NONE,NONE,NONE,NONE,NONE,นาง,NONE,บุญลือ,NONE,จดทะเบียนสมรส,NONE,NONE,NONE,NONE,NONE,NONE,2,NONE,1,0,0,0,1,93051.40990180722,0.0,0.0,0.0,93051.40990180722,46525.70495090361,27915.422970542164,18610.281980361444,2,1
1807,1935,นางสาว,ศุภมาส,อิศรภักดิ,สมาชิกสภาผู้แทนราษฎร (ส.ส.),24/5/2023,6/6/2023,12/6/2023,8/12/2023,20/3/2023,25/5/2019,รัฐสภา,81,นางสาว,ศุภมาส,อิศรภักดิ,50,สมรส,NONE,NONE,NONE,ทุ่งสองห้อง,หลักสี่,กรุงเทพมหานคร,10210.0,NONE,NONE,NONE,810,นาง,NONE,อิศรภักดิ,50,จดทะเบียนสมรส,NONE,NONE,NONE,NONE,NONE,NONE,2,NONE,3,1,0,0,2,4994618.404845355,1662944.7057332608,0.0,0.0,3331673.6991120945,2497309.2024226775,1498385.5214536064,998923.6809690711,3,0
1913,2041,นาย,ณัฐพงษ์,เรืองปัญญาวุฒิ,สมาชิกสภาผู้แทนราษฎร (ส.ส.) พรรคอนาคตใหม่,26/6/2023,27/6/2023,5/7/2023,31/12/2023,25/5/2019,NONE,สำนักงานเลขาธิการสภาผู้แทนราษฎร,82,นาย,ณัฐพงษ์,เรืองปัญญาวุฒิ,35,สมรส,NONE,NONE,NONE,บางเชือกหนัง,ตลิ่งชัน,กรุงเทพมหานคร,10170.0,NONE,NONE,NONE,820,นาง,คู่สมรส ณัฐพงษ์,เรืองปัญญาวุฒิ,50,จดทะเบียนสมรส,NONE,NONE,NONE,NONE,NONE,NONE,5,NONE,1,0,0,0,1,29962.636288328704,0.0,0.0,0.0,29962.636288328704,14981.318144164352,8988.790886498611,5992.527257665741,2,1
1970,2098,NONE,จุติ,ไกรฤกษ์,สมาชิกสภาผู้แทนราษฎร (ส.ส.),5/8/2019,15/10/2019,NONE,NONE,25/5/2019,NONE,พรรคประชาธิปัตย์,65,นาย,จุติ,ไกรฤกษ์,63,NONE,NONE,NONE,NONE,ในเมือง,เมืองพิษณุโลก,พิษณุโลก,65000.0,NONE,NONE,NONE,NONE,นาง,คู่สมรส จุติ,ไกรฤกษ์,50,NONE,NONE,NONE,NONE,NONE,NONE,NONE,10,NONE,3,1,0,0,2,2187609.2698249556,1255097.5139080335,0.0,0.0,932511.7559169219,1093804.6349124778,656282.7809474866,437521.85396499117,3,0
2420,2548,NONE,ธรรมนัส,พรหมเผ่า,รัฐมนตรี,13/12/2021,10/2/2022,NONE,NONE,8/9/2021,10/7/2019,พรรคพลังประชารัฐ,73,ร้อยเอก,ธรรมนัส,พรหมเผ่า,56,สมรส,NONE,NONE,NONE,บ้านต๋อม,เมืองพะเยา,พะเยา,56000.0,NONE,NONE,NONE,730,นาง,NONE,พรหมเผ่า,NONE,จดทะเบียนสมรส,NONE,NONE,NONE,NONE,NONE,NONE,7,NONE,6,4,0,0,2,82264343.27289367,81930753.72253838,0.0,0.0,333589.550355277,41132171.63644683,24679302.9818681,16452868.654578734,2,0
2434,2562,NONE,ปรีดี,ดาวฉาย,รัฐมนตรี,5/11/2020,15/12/2021,NONE,NONE,12/8/2020,NONE,กระทรวงการคลัง,74,นาย,ปรีดี,ดาวฉาย,62,สมรส,NONE,NONE,NONE,บางกะปิ,ห้วยขวาง,กรุงเทพมหานคร,10310.0,NONE,NONE,NONE,740,นาง,คู่สมรส ปรีดี,ดาวฉาย,50,จดทะเบียนสมรส,NONE,NONE,NONE,NONE,NONE,NONE,4,NONE,4,1,0,0,3,2312243.177847885,1208640.9606893903,0.0,0.0,1103602.217158495,1156121.5889239425,693672.9533543655,462448.63556957705,2,0
2445,2573,NONE,อภิศักดิ์,ตันติวรวงศ์,รัฐมนตรี,3/9/2019,15/10/2019,NONE,NONE,16/7/2019,NONE,กระทรวงการคลัง,78,นาย,อภิศักดิ์,ตันติวรวงศ์,65,สมรส,NONE,NONE,NONE,คลองมหานาค,ป้อมปราบศัตรูพ่าย,กรุงเทพมหานคร,10100.0,NONE,NONE,NONE,780,นาง,คู่สมรส อภิศักดิ์,ตันติวรวงศ์,50,จดทะเบียนสมรส,NONE,NONE,NONE,NONE,NONE,NONE,5,NONE,5,0,0,0,5,2089552.8844175173,0.0,0.0,0.0,2089552.8844175173,1044776.4422087587,626865.8653252552,417910.57688350347,5,0
2448,2576,NONE,อุตตม,สาวนายน,รัฐมนตรี,2/4/2019,15/10/2019,NONE,NONE,30/1/2019,NONE,กระทรวงอุตสาหกรรม,66,นาย,อุตตม,สาวนายน,58,สมรส,NONE,NONE,NONE,คลองตันเหนือ,วัฒนา,กรุงเทพมหานคร,NONE,NONE,NONE,NONE,660,นาง,คู่สมรส อุตตม,สาวนายน,50,จดทะเบียนสมรส,NONE,NONE,NONE,NONE,NONE,NONE,5,NONE,4,1,0,0,3,2047723.3193286948,1209283.4040713462,0.0,0.0,838439.9152573487,1023861.6596643474,614316.9957986084,409544.663865739,4,0
