﻿id,doc_id,nd_title,nd_first_name,nd_last_name,nd_position,submitted_date,disclosure_announcement_date,disclosure_start_date,disclosure_end_date,date_by_submitted_case,royal_start_date,agency,submitter_id,submitter_title,submitter_first_name,submitter_last_name,submitter_age,submitter_marital_status,submitter_status_date,submitter_status_month,submitter_status_year,submitter_sub_district,submitter_district,submitter_province,submitter_post_code,submitter_phone_number,submitter_mobile_number,submitter_email,spouse_id,spouse_title,spouse_first_name,spouse_last_name,spouse_age,spouse_status,spouse_status_date,spouse_status_month,spouse_status_year,statement_valuation_submitter_total,statement_valuation_spouse_total,statement_valuation_child_total,statement_detail_count,has_statement_detail_note,asset_count,asset_land_count,asset_building_count,asset_vehicle_count,asset_other_count,asset_total_valuation_amount,asset_land_valuation_amount,asset_building_valuation_amount,asset_vehicle_valuation_amount,asset_other_asset_valuation_amount,asset_valuation_submitter_amount,asset_valuation_spouse_amount,asset_valuation_child_amount,relative_count,relative_has_death_flag
62,190,นางสาว,วทันยา,บุนนาค,สมาชิกสภาผู้แทนราษฎร (ส.ส.),16/8/2022,13/12/2022,13/12/2022,10/6/2023,5/6/2019,,สำนักงานเลขาธิการสภาผู้แทนราษฎร,40,นางสาว,วทันยา,บุนนาค,38.0,สมรส,,,,คลองตันเหนือ,วัฒนา,กรุงเทพมหานคร,10110.0,,,,400,นาง,NONE,บุนนาค,NONE,NONE,NONE,NONE,NONE,767814621.16,205682140.15,59076473.410000004,7,0,6,1,0,0,5,1778278.901802814,281333.28137042816,0.0,0.0,1496945.620432386,889139.450901407,533483.6705408442,355655.78036056284,2,1
63,191,พลเรือเอก,สมประสงค์,นิลสมัย,สมาชิกวุฒิสภา (สว.),22/11/2022,13/12/2022,13/12/2022,10/6/2023,1/10/2022,1/10/2021,รัฐสภา,80,พลเรือเอก,สมประสงค์,นิลสมัย,,สมรส,,,,หลักสอง,บางแค,กรุงเทพมหานคร,10160.0,,,,NONE,นาง,คู่สมรส สมประสงค์,นิลสมัย,NONE,NONE,NONE,NONE,NONE,17926434.869999997,6280000.0,410000.0,7,0,4,1,0,0,3,3784516.2005089256,3272418.891785663,0.0,0.0,512097.3087232626,1892258.1002544628,1135354.8601526776,756903.2401017852,4,0
168,298,พลตำรวจเอก,สุวัฒน์,แจ้งยอดสุข,สมาชิกวุฒิสภา (สว.),1/10/2022,29/12/2022,29/12/2022,26/6/2023,1/10/2020,6/12/2020,สำนักงานเลขาธิการวุฒิสภา,41,พลตำรวจเอก,สุวัฒน์,แจ้งยอดสุข,60.0,อยู่กินกันฉันสามีภริยาตามที่คณะกรรมการ ป.ป.ช. กำหนด,,,,บางชัน,คลองสามวา,กรุงเทพมหานคร,10510.0,,,,NONE,นาง,คู่สมรส สุวัฒน์,แจ้งยอดสุข,NONE,NONE,NONE,NONE,NONE,83631171.60000001,45242366.5,838880.0,4,0,4,0,1,1,2,2672989.908352864,0.0,1997190.326707962,443894.0670408227,231905.51460407904,1336494.954176432,801896.9725058592,534597.9816705728,1,0
292,422,นาย,ศุภชัย,โพธิ์สุ,สมาชิกสภาผู้แทนราษฎร (ส.ส.),20/3/2023,15/6/2023,23/6/2023,19/12/2023,25/5/2019,,สำนักงานเลขาธิการสภาผู้แทนราษฎร,44,นาย,ศุภชัย,โพธิ์สุ,65.0,สมรส,,,,ศรีสงคราม,ศรีสงคราม,นครพนม,48150.0,,,,NONE,นาง,NONE,โพธิ์สุ,NONE,NONE,NONE,NONE,NONE,13169817.7,45003301.71,0.0,3,0,2,0,0,1,1,2452530.5897128233,0.0,0.0,2290942.2236821884,161588.36603063482,1226265.2948564116,735759.176913847,490506.11794256466,0,0
428,558,นาย,ชวน,หลีกภัย,สมาชิกสภาผู้แทนราษฎร (ส.ส.),29/3/2023,12/6/2023,16/6/2023,12/12/2023,25/5/2019,25/5/2019,รัฐสภา,45,นาย,ชวน,หลีกภัย,85.0,,,,,ทับเที่ยง,เมืองตรัง,ตรัง,92000.0,,,,NONE,NONE,คู่สมรส ชวน,หลีกภัย,NONE,NONE,NONE,NONE,NONE,0.0,10369909.75,0.0,3,0,3,0,0,0,3,286121.2152483984,0.0,0.0,0.0,286121.2152483984,143060.6076241992,85836.36457451952,57224.24304967969,6,0
663,792,นาย,เกื้อกูล,ด่านชัยวิจิตร,สมาชิกสภาผู้แทนราษฎร (ส.ส.),20/3/2023,7/6/2023,12/6/2023,8/12/2023,25/5/2019,,พรรคภูมิใจไทย สำนักงานเลขาธิการสภาผู้แทนราษฎร,42,นาย,เกื้อกูล,ด่านชัยวิจิตร,60.0,สมรส,,,,กะมัง,พระนครศรีอยุธยา,พระนครศรีอยุธยา,13000.0,,,,NONE,นาง,คู่สมรส เกื้อกูล,ด่านชัยวิจิตร,NONE,NONE,NONE,NONE,NONE,3912170.32,8816342.07,623970.0,2,0,4,0,0,0,4,484545.86633731646,0.0,0.0,0.0,484545.86633731646,242272.93316865823,145363.75990119492,96909.1732674633,4,1
674,803,,เอกราช,ช่างเหลา,สมาชิกสภาผู้แทนราษฎร (ส.ส.),5/8/2019,15/10/2019,,,25/5/2019,,พรรคพลังประชารัฐ,47,นาย,เอกราช,ช่างเหลา,61.0,หย่า,,,,ในเมือง,เมืองขอนแก่น,ขอนแก่น,40000.0,,,,NONE,นาง,คู่สมรส เอกราช,ช่างเหลา,NONE,NONE,NONE,NONE,NONE,39040666.51,64748583.17,840000.0,3,0,3,1,0,0,2,15445063.988936666,14742620.099637913,0.0,0.0,702443.8892987544,7722531.994468333,4633519.196680999,3089012.7977873334,4,0
727,857,,อนุทิน,ชาญวีรกูล,สมาชิกสภาผู้แทนราษฎร (ส.ส.),5/8/2019,15/10/2019,,,25/5/2019,,สำนักงานเลขาธิการสภาผู้แทนราษฎร,48,นาย,อนุทิน,ชาญวีรกูล,53.0,หย่า,,,,อิสาณ,เมืองบุรีรัมย์,บุรีรัมย์,31000.0,,,,480,นาง,NONE,ชาญวีรกูล,NONE,NONE,NONE,NONE,NONE,6518723.52,4944109.59,0.0,1,0,4,1,0,0,3,6719539.52169256,5052361.490859913,0.0,0.0,1667178.030832647,3359769.76084628,2015861.856507768,1343907.904338512,3,0
818,947,,วทันยา,วงษ์โอภาสี,สมาชิกสภาผู้แทนราษฎร (ส.ส.),5/6/2019,15/10/2019,,,5/6/2019,,พรรคพลังประชารัฐ,50,นางสาว,วทันยา,วงษ์โอภาสี,34.0,สมรส,,,,คลองตันเหนือ,วัฒนา,กรุงเทพมหานคร,10110.0,,,,500,นาง,คู่สมรส วทันยา,วงษ์โอภาสี,NONE,NONE,NONE,NONE,NONE,39663726.480000004,69541365.84,60000.0,5,0,5,1,0,0,4,1788920.762941184,1186185.9237708433,0.0,0.0,602734.839170341,894460.381470592,536676.2288823551,357784.15258823684,2,0
885,1015,,ทวี,สอดส่อง,สมาชิกสภาผู้แทนราษฎร (ส.ส.),16/9/2020,15/10/2019,,,16/9/2020,,สำนักงานเลขาธิการสภาผู้แทนราษฎร / พรรคประชาชาติ,57,พันตำรวจเอก,ทวี,สอดส่อง,61.0,สมรส,,,,ดอกไม้,ประเวศ,กรุงเทพมหานคร,10250.0,,,,NONE,นาง,NONE,สอดส่อง,NONE,NONE,NONE,NONE,NONE,40083904.57,46087790.16,4145.0,5,1,4,0,0,0,4,300256.13065287366,0.0,0.0,0.0,300256.13065287366,150128.06532643683,90076.83919586209,60051.22613057474,6,0
902,1032,,พิธา,ลิ้มเจริญรัตน์,สมาชิกสภาผู้แทนราษฎร (ส.ส.),28/8/2019,15/10/2019,,,25/5/2019,25/5/2019,บัญชีรายชื่อ,56,นาย,พิธา,ลิ้มเจริญรัตน์,38.0,สมรส,,,,พระโขนง,คลองเตย,กรุงเทพมหานคร,,,,,NONE,นาง,คู่สมรส พิธา,ลิ้มเจริญรัตน์,NONE,NONE,NONE,NONE,NONE,18529457.0,6145349.21,3319495.0,7,0,4,1,0,0,3,20236883.03617322,19737800.74630417,0.0,0.0,499082.2898690502,10118441.51808661,6071064.910851966,4047376.6072346442,3,0
907,1037,นาย,เท่าพิภพ,ลิ้มจิตรกร,สมาชิกสภาผู้แทนราษฎร (ส.ส.),20/6/2023,27/6/2023,5/7/2023,31/12/2023,20/3/2023,,รัฐสภา,53,นาย,เท่าพิภพ,ลิ้มจิตรกร,34.0,อยู่กินกันฉันสามีภริยาตามที่คณะกรรมการ ป.ป.ช. กำหนด,,,,บางกระสอ,เมืองนนทบุรี,นนทบุรี,11000.0,,,,530,นาง,NONE,ลิ้มจิตรกร,NONE,NONE,NONE,NONE,NONE,5155036.0,940800.0,0.0,3,0,4,1,0,0,3,10952114.607695857,8294178.955958541,0.0,0.0,2657935.6517373165,5476057.3038479285,3285634.382308757,2190422.9215391716,3,0
1550,1678,นาย,สุนทร,ปานแสงทอง,รัฐมนตรีช่วยว่าการกระทรวง,7/2/2023,24/2/2023,24/2/2023,22/8/2023,30/11/2022,30/11/2022,กระทรวงเกษตรและสหกรณ์,67,นาย,สุนทร,ปานแสงทอง,66.0,สมรส,,,,บางปลา,บางพลี,สมุทรปราการ,10540.0,,,,670,นาง,คู่สมรส สุนทร,ปานแสงทอง,NONE,NONE,NONE,NONE,NONE,17666280.0,3240800.0,0.0,3,0,6,2,0,0,4,73526339.40764296,70896233.26701897,0.0,0.0,2630106.1406239835,36763169.70382148,22057901.822292887,14705267.881528594,1,0
1587,1715,นาย,วีรศักดิ์,หวังศุภกิจโกศล,รัฐมนตรีช่วยว่าการกระทรวง,25/3/2023,5/4/2023,12/4/2023,8/10/2023,18/1/2023,,กระทรวงคมนาคม,68,นาย,วีรศักดิ์,หวังศุภกิจโกศล,68.0,สมรส,,,,กุดโบสถ์,เสิงสาง,นครราชสีมา,30330.0,,,,680,นาง,คู่สมรส วีรศักดิ์,หวังศุภกิจโกศล,NONE,NONE,NONE,NONE,NONE,3106500.0,147978353.75,2266088.5300000003,7,0,1,0,0,0,1,117203.42000609024,0.0,0.0,0.0,117203.42000609024,58601.71000304512,35161.02600182707,23440.684001218047,3,1
1702,1830,นาย,สาทิตย์,วงศ์หนองเตย,สมาชิกสภาผู้แทนราษฎร (ส.ส.),24/5/2023,12/6/2023,16/6/2023,12/12/2023,20/3/2023,,รัฐสภา,75,นาย,สาทิตย์,วงศ์หนองเตย,62.0,สมรส,,,,ห้วยยอด,ห้วยยอด,ตรัง,92130.0,,,,750,นาง,NONE,วงศ์หนองเตย,NONE,NONE,NONE,NONE,NONE,0.0,0.0,0.0,1,0,3,0,0,0,3,564874.5210378747,0.0,0.0,0.0,564874.5210378747,282437.2605189374,169462.3563113624,112974.90420757496,2,1
1742,1870,,ศรีนวล,บุญลือ,สมาชิกสภาผู้แทนราษฎร (ส.ส.),5/6/2019,15/10/2019,,,30/7/2019,,พรรคอนาคตใหม่,76,นางสาว,ศรีนวล,บุญลือ,55.0,หย่า,,,,แม่วิน,แม่วาง,เชียงใหม่,,,,,760,นาง,คู่สมรส ศรีนวล,บุญลือ,NONE,NONE,NONE,NONE,NONE,33275440.0,1953423.27,0.0,3,0,6,1,0,0,5,1638264.2879444975,126751.03160802452,0.0,0.0,1511513.256336473,819132.1439722488,491479.2863833492,327652.85758889955,5,1
1807,1935,นางสาว,ศุภมาส,อิศรภักดิ,สมาชิกสภาผู้แทนราษฎร (ส.ส.),24/5/2023,6/6/2023,12/6/2023,8/12/2023,20/3/2023,25/5/2019,รัฐสภา,81,นางสาว,ศุภมาส,อิศรภักดิ,50.0,สมรส,,,,ทุ่งสองห้อง,หลักสี่,กรุงเทพมหานคร,10210.0,,,,NONE,นาง,คู่สมรส ศุภมาส,อิศรภักดิ,NONE,NONE,NONE,NONE,NONE,1008000.0,0.0,1488720.0,3,0,2,0,0,0,2,392623.4517266569,0.0,0.0,0.0,392623.4517266569,196311.72586332844,117787.03551799706,78524.69034533137,8,0
1913,2041,นาย,ณัฐพงษ์,เรืองปัญญาวุฒิ,สมาชิกสภาผู้แทนราษฎร (ส.ส.) พรรคอนาคตใหม่,26/6/2023,27/6/2023,5/7/2023,31/12/2023,25/5/2019,,สำนักงานเลขาธิการสภาผู้แทนราษฎร,82,นาย,ณัฐพงษ์,เรืองปัญญาวุฒิ,35.0,สมรส,,,,บางเชือกหนัง,ตลิ่งชัน,กรุงเทพมหานคร,10170.0,,,,820,นาง,NONE,เรืองปัญญาวุฒิ,NONE,NONE,NONE,NONE,NONE,85087499.77000001,78889004.33,1422720.0,10,0,7,1,0,0,6,6232918.25423476,1473273.7434253,0.0,0.0,4759644.51080946,3116459.12711738,1869875.476270428,1246583.650846952,3,0
1970,2098,,จุติ,ไกรฤกษ์,สมาชิกสภาผู้แทนราษฎร (ส.ส.),5/8/2019,15/10/2019,,,25/5/2019,,พรรคประชาธิปัตย์,65,นาย,จุติ,ไกรฤกษ์,63.0,,,,,ในเมือง,เมืองพิษณุโลก,พิษณุโลก,65000.0,,,,NONE,นาง,คู่สมรส จุติ,ไกรฤกษ์,NONE,NONE,NONE,NONE,NONE,117595688.89999999,93388000.86,2491440.0,6,0,2,0,0,0,2,426581.9395121504,0.0,0.0,0.0,426581.9395121504,213290.9697560752,127974.58185364513,85316.38790243008,4,0
2420,2548,,ธรรมนัส,พรหมเผ่า,รัฐมนตรี,13/12/2021,10/2/2022,,,8/9/2021,10/7/2019,พรรคพลังประชารัฐ,73,ร้อยเอก,ธรรมนัส,พรหมเผ่า,56.0,สมรส,,,,บ้านต๋อม,เมืองพะเยา,พะเยา,56000.0,,,,730,นาง,คู่สมรส ธรรมนัส,พรหมเผ่า,NONE,NONE,NONE,NONE,NONE,1507200.0,2457227.44,564000.0,4,0,7,2,0,0,5,39180627.04919672,37790845.52210341,0.0,0.0,1389781.527093319,19590313.52459836,11754188.114759015,7836125.409839344,1,1
2434,2562,,ปรีดี,ดาวฉาย,รัฐมนตรี,5/11/2020,15/12/2021,,,12/8/2020,,กระทรวงการคลัง,74,นาย,ปรีดี,ดาวฉาย,62.0,สมรส,,,,บางกะปิ,ห้วยขวาง,กรุงเทพมหานคร,10310.0,,,,NONE,NONE,NONE,ดาวฉาย,NONE,NONE,NONE,NONE,NONE,10933391.05,6437649.67,600000.0,7,0,2,0,0,1,1,677982.0784280052,0.0,0.0,561042.9536559018,116939.12477210336,338991.0392140026,203394.62352840157,135596.41568560104,1,0
2445,2573,,อภิศักดิ์,ตันติวรวงศ์,รัฐมนตรี,3/9/2019,15/10/2019,,,16/7/2019,,กระทรวงการคลัง,78,นาย,อภิศักดิ์,ตันติวรวงศ์,65.0,สมรส,,,,คลองมหานาค,ป้อมปราบศัตรูพ่าย,กรุงเทพมหานคร,10100.0,,,,780,นาง,คู่สมรส อภิศักดิ์,ตันติวรวงศ์,NONE,NONE,NONE,NONE,NONE,2412799.58,51202611.57,149438.58,3,0,4,2,0,0,2,14861802.566767234,14643122.353960078,0.0,0.0,218680.2128071554,7430901.283383617,4458540.77003017,2972360.513353447,5,1
2448,2576,,อุตตม,สาวนายน,รัฐมนตรี,2/4/2019,15/10/2019,,,30/1/2019,,กระทรวงอุตสาหกรรม,66,นาย,อุตตม,สาวนายน,58.0,สมรส,,,,คลองตันเหนือ,วัฒนา,กรุงเทพมหานคร,,,,,660,นาง,คู่สมรส อุตตม,สาวนายน,NONE,NONE,NONE,NONE,NONE,5376346.59,9877610.71,0.0,3,0,4,1,0,0,3,10879119.739243276,10551634.124272466,0.0,0.0,327485.61497081164,5439559.869621638,3263735.921772983,2175823.9478486553,4,1
