﻿id,doc_id,nd_title,nd_first_name,nd_last_name,nd_position,submitted_date,disclosure_announcement_date,disclosure_start_date,disclosure_end_date,date_by_submitted_case,royal_start_date,agency,submitter_id,submitter_title,submitter_first_name,submitter_last_name,submitter_age,submitter_marital_status,submitter_status_date,submitter_status_month,submitter_status_year,submitter_sub_district,submitter_district,submitter_province,submitter_post_code,submitter_phone_number,submitter_mobile_number,submitter_email,spouse_id,spouse_title,spouse_first_name,spouse_last_name,spouse_age,spouse_status,spouse_status_date,spouse_status_month,spouse_status_year,statement_valuation_submitter_total,statement_valuation_spouse_total,statement_valuation_child_total,statement_detail_count,has_statement_detail_note,asset_count,asset_land_count,asset_building_count,asset_vehicle_count,asset_other_count,asset_total_valuation_amount,asset_land_valuation_amount,asset_building_valuation_amount,asset_vehicle_valuation_amount,asset_other_asset_valuation_amount,asset_valuation_submitter_amount,asset_valuation_spouse_amount,asset_valuation_child_amount,relative_count,relative_has_death_flag
62,190,นางสาว,วทันยา,บุนนาค,สมาชิกสภาผู้แทนราษฎร (ส.ส.),16/8/2022,13/12/2022,13/12/2022,10/6/2023,5/6/2019,NONE,สำนักงานเลขาธิการสภาผู้แทนราษฎร,40,นางสาว,วทันยา,บุนนาค,38,สมรส,NONE,NONE,NONE,คลองตันเหนือ,วัฒนา,กรุงเทพมหานคร,10110.0,NONE,NONE,NONE,NONE,นาง,คู่สมรส วทันยา,บุนนาค,NONE,NONE,NONE,NONE,NONE,29167038.75,62677848.36,0.0,3,0,22,1,1,2,18,24346399.43275482,500662.41040843894,1969839.9326188683,1572322.6312923254,20303574.45843518,12173199.71637741,7303919.829826445,4869279.886550964,5,1
63,191,พลเรือเอก,สมประสงค์,นิลสมัย,สมาชิกวุฒิสภา (สว.),22/11/2022,13/12/2022,13/12/2022,10/6/2023,1/10/2022,1/10/2021,รัฐสภา,80,พลเรือเอก,สมประสงค์,นิลสมัย,0,สมรส,NONE,NONE,NONE,หลักสอง,บางแค,กรุงเทพมหานคร,10160.0,NONE,NONE,NONE,800,นาง,คู่สมรส สมประสงค์,นิลสมัย,NONE,NONE,NONE,NONE,NONE,49786282.11,48748777.9,52308.97,6,0,35,8,1,2,24,59192001.12132675,22278366.017908543,2403446.939189207,7568962.066662447,26941226.09756655,29596000.560663376,17757600.336398024,11838400.224265352,3,0
168,298,พลตำรวจเอก,สุวัฒน์,แจ้งยอดสุข,สมาชิกวุฒิสภา (สว.),1/10/2022,29/12/2022,29/12/2022,26/6/2023,1/10/2020,6/12/2020,สำนักงานเลขาธิการวุฒิสภา,41,พลตำรวจเอก,สุวัฒน์,แจ้งยอดสุข,60,อยู่กินกันฉันสามีภริยาตามที่คณะกรรมการ ป.ป.ช. กำหนด,NONE,NONE,NONE,บางชัน,คลองสามวา,กรุงเทพมหานคร,10510.0,NONE,NONE,NONE,NONE,NONE,คู่สมรส สุวัฒน์,แจ้งยอดสุข,NONE,NONE,NONE,NONE,NONE,1647038469.49,181952535.69000003,2002720.0,8,1,30,5,2,1,22,158529676.63558573,72703043.732527,64837662.407351375,925035.0082155896,20063935.487491757,79264838.31779286,47558902.99067572,31705935.327117145,3,1
292,422,นาย,ศุภชัย,โพธิ์สุ,สมาชิกสภาผู้แทนราษฎร (ส.ส.),20/3/2023,15/6/2023,23/6/2023,19/12/2023,25/5/2019,NONE,สำนักงานเลขาธิการสภาผู้แทนราษฎร,44,นาย,ศุภชัย,โพธิ์สุ,65,สมรส,NONE,NONE,NONE,ศรีสงคราม,ศรีสงคราม,นครพนม,48150.0,NONE,NONE,NONE,440,นาง,NONE,โพธิ์สุ,NONE,NONE,NONE,NONE,NONE,46226019.98,44372831.51,0.0,5,0,15,2,0,0,13,17789443.32424944,11530963.775476066,0.0,0.0,6258479.548773372,8894721.66212472,5336832.997274832,3557888.664849888,1,0
428,558,นาย,ชวน,หลีกภัย,สมาชิกสภาผู้แทนราษฎร (ส.ส.),29/3/2023,12/6/2023,16/6/2023,12/12/2023,25/5/2019,25/5/2019,รัฐสภา,45,นาย,ชวน,หลีกภัย,85,NONE,NONE,NONE,NONE,ทับเที่ยง,เมืองตรัง,ตรัง,92000.0,NONE,NONE,NONE,450,NONE,คู่สมรส ชวน,หลีกภัย,NONE,NONE,NONE,NONE,NONE,1004187.0,49382787.53,0.0,3,0,29,2,2,0,25,18871464.39191,1613909.0255037856,11324035.744167507,0.0,5933519.622238706,9435732.195955,5661439.317573001,3774292.8783820006,7,0
663,792,นาย,เกื้อกูล,ด่านชัยวิจิตร,สมาชิกสภาผู้แทนราษฎร (ส.ส.),20/3/2023,7/6/2023,12/6/2023,8/12/2023,25/5/2019,NONE,พรรคภูมิใจไทย สำนักงานเลขาธิการสภาผู้แทนราษฎร,42,นาย,เกื้อกูล,ด่านชัยวิจิตร,60,สมรส,NONE,NONE,NONE,กะมัง,พระนครศรีอยุธยา,พระนครศรีอยุธยา,13000.0,NONE,NONE,NONE,NONE,นาง,NONE,ด่านชัยวิจิตร,NONE,NONE,NONE,NONE,NONE,5038236.0,150366596.36,3404978.5300000003,7,1,18,0,0,0,18,19976283.916807573,0.0,0.0,0.0,19976283.916807573,9988141.958403787,5992885.175042272,3995256.783361515,4,0
674,803,NONE,เอกราช,ช่างเหลา,สมาชิกสภาผู้แทนราษฎร (ส.ส.),5/8/2019,15/10/2019,NONE,NONE,25/5/2019,NONE,พรรคพลังประชารัฐ,47,นาย,เอกราช,ช่างเหลา,61,หย่า,NONE,NONE,NONE,ในเมือง,เมืองขอนแก่น,ขอนแก่น,40000.0,NONE,NONE,NONE,NONE,นาง,คู่สมรส เอกราช,ช่างเหลา,NONE,NONE,NONE,NONE,NONE,8419029.95,16093362.63,1110644.0,6,0,30,3,1,1,25,138968934.6850602,96680584.11821465,7447257.86803487,20729.345778961928,34820363.35303173,69484467.3425301,41690680.40551806,27793786.937012043,1,1
727,857,NONE,อนุทิน,ชาญวีรกูล,สมาชิกสภาผู้แทนราษฎร (ส.ส.),5/8/2019,15/10/2019,NONE,NONE,25/5/2019,NONE,สำนักงานเลขาธิการสภาผู้แทนราษฎร,48,นาย,อนุทิน,ชาญวีรกูล,53,หย่า,NONE,NONE,NONE,อิสาณ,เมืองบุรีรัมย์,บุรีรัมย์,31000.0,NONE,NONE,NONE,480,นาง,คู่สมรส อนุทิน,ชาญวีรกูล,NONE,NONE,NONE,NONE,NONE,250000.0,3095998.05,1565326.75,3,0,28,2,0,4,22,42166735.84965618,13907903.062705621,0.0,9054416.015456982,19204416.771493584,21083367.92482809,12650020.754896853,8433347.169931237,3,0
818,947,NONE,วทันยา,วงษ์โอภาสี,สมาชิกสภาผู้แทนราษฎร (ส.ส.),5/6/2019,15/10/2019,NONE,NONE,5/6/2019,NONE,พรรคพลังประชารัฐ,50,นางสาว,วทันยา,วงษ์โอภาสี,34,สมรส,NONE,NONE,NONE,คลองตันเหนือ,วัฒนา,กรุงเทพมหานคร,10110.0,NONE,NONE,NONE,500,NONE,คู่สมรส วทันยา,วงษ์โอภาสี,NONE,NONE,NONE,NONE,NONE,26898365.13,112956673.1,998066.0,9,0,21,3,1,2,15,19739584.945743512,10465229.012697667,1025058.6675757568,3079836.1153964563,5169461.150073633,9869792.472871756,5921875.483723054,3947916.9891487025,2,1
885,1015,NONE,ทวี,สอดส่อง,สมาชิกสภาผู้แทนราษฎร (ส.ส.),16/9/2020,15/10/2019,NONE,NONE,16/9/2020,NONE,สำนักงานเลขาธิการสภาผู้แทนราษฎร / พรรคประชาชาติ,57,พันตำรวจเอก,ทวี,สอดส่อง,61,สมรส,NONE,NONE,NONE,ดอกไม้,ประเวศ,กรุงเทพมหานคร,10250.0,NONE,NONE,NONE,NONE,นาง,คู่สมรส ทวี,สอดส่อง,NONE,NONE,NONE,NONE,NONE,2422220.0,1786896.83,1362720.0,5,0,32,5,0,4,23,82904221.64691684,15046607.059227414,0.0,31226862.69512564,36630751.89256378,41452110.82345842,24871266.49407505,16580844.329383368,3,0
902,1032,NONE,พิธา,ลิ้มเจริญรัตน์,สมาชิกสภาผู้แทนราษฎร (ส.ส.),28/8/2019,15/10/2019,NONE,NONE,25/5/2019,25/5/2019,บัญชีรายชื่อ,56,นาย,พิธา,ลิ้มเจริญรัตน์,38,สมรส,NONE,NONE,NONE,พระโขนง,คลองเตย,กรุงเทพมหานคร,NONE,NONE,NONE,NONE,560,นาง,NONE,ลิ้มเจริญรัตน์,NONE,NONE,NONE,NONE,NONE,18918496.47,0.0,0.0,2,1,20,2,1,3,14,32850341.155217174,5635651.680102316,8177543.670444316,3579396.2299041105,15457749.574766431,16425170.577608587,9855102.346565152,6570068.231043436,6,0
907,1037,นาย,เท่าพิภพ,ลิ้มจิตรกร,สมาชิกสภาผู้แทนราษฎร (ส.ส.),20/6/2023,27/6/2023,5/7/2023,31/12/2023,20/3/2023,NONE,รัฐสภา,53,นาย,เท่าพิภพ,ลิ้มจิตรกร,34,อยู่กินกันฉันสามีภริยาตามที่คณะกรรมการ ป.ป.ช. กำหนด,NONE,NONE,NONE,บางกระสอ,เมืองนนทบุรี,นนทบุรี,11000.0,NONE,NONE,NONE,530,นาง,คู่สมรส เท่าพิภพ,ลิ้มจิตรกร,NONE,NONE,NONE,NONE,NONE,4215691.92,7846573.86,0.0,5,1,34,7,0,0,27,69025244.34450136,17976719.094223697,0.0,0.0,51048525.25027766,34512622.17225068,20707573.303350408,13805048.868900273,4,0
1550,1678,นาย,สุนทร,ปานแสงทอง,รัฐมนตรีช่วยว่าการกระทรวง,7/2/2023,24/2/2023,24/2/2023,22/8/2023,30/11/2022,30/11/2022,กระทรวงเกษตรและสหกรณ์,67,นาย,สุนทร,ปานแสงทอง,66,สมรส,NONE,NONE,NONE,บางปลา,บางพลี,สมุทรปราการ,10540.0,NONE,NONE,NONE,670,นาง,NONE,ปานแสงทอง,NONE,NONE,NONE,NONE,NONE,75254693.47999999,293006809.6,1392137.0,6,0,38,2,1,3,32,132118907.8838239,2724372.881083062,84214531.69675095,7556828.196599425,37623175.10939045,66059453.94191195,39635672.365147166,26423781.57676478,2,1
1587,1715,นาย,วีรศักดิ์,หวังศุภกิจโกศล,รัฐมนตรีช่วยว่าการกระทรวง,25/3/2023,5/4/2023,12/4/2023,8/10/2023,18/1/2023,NONE,กระทรวงคมนาคม,68,นาย,วีรศักดิ์,หวังศุภกิจโกศล,68,สมรส,NONE,NONE,NONE,กุดโบสถ์,เสิงสาง,นครราชสีมา,30330.0,NONE,NONE,NONE,680,NONE,NONE,หวังศุภกิจโกศล,NONE,NONE,NONE,NONE,NONE,29138824.42,17854546.65,0.0,4,0,16,2,1,3,10,18293953.08704591,4049452.127178628,1977052.30273686,10184147.841564141,2083300.815566283,9146976.543522956,5488185.926113773,3658790.6174091827,4,0
1702,1830,นาย,สาทิตย์,วงศ์หนองเตย,สมาชิกสภาผู้แทนราษฎร (ส.ส.),24/5/2023,12/6/2023,16/6/2023,12/12/2023,20/3/2023,NONE,รัฐสภา,75,นาย,สาทิตย์,วงศ์หนองเตย,62,สมรส,NONE,NONE,NONE,ห้วยยอด,ห้วยยอด,ตรัง,92130.0,NONE,NONE,NONE,750,NONE,คู่สมรส สาทิตย์,วงศ์หนองเตย,NONE,NONE,NONE,NONE,NONE,6518723.52,15437690.559999999,3685755.05,4,1,37,3,2,1,31,62588209.97024617,23383838.950315155,3103440.451795771,479252.7057146702,35621677.86242056,31294104.985123087,18776462.99107385,12517641.994049236,1,0
1742,1870,NONE,ศรีนวล,บุญลือ,สมาชิกสภาผู้แทนราษฎร (ส.ส.),5/6/2019,15/10/2019,NONE,NONE,30/7/2019,NONE,พรรคอนาคตใหม่,76,นางสาว,ศรีนวล,บุญลือ,55,หย่า,NONE,NONE,NONE,แม่วิน,แม่วาง,เชียงใหม่,NONE,NONE,NONE,NONE,760,นาง,คู่สมรส ศรีนวล,บุญลือ,NONE,NONE,NONE,NONE,NONE,35252826.46,7309942.25,1855403.54,7,0,39,9,1,1,28,162628346.9368936,120746415.52343193,15020377.629148766,2126613.2259441097,24734940.55836886,81314173.4684468,48788504.08106808,32525669.387378722,2,0
1807,1935,นางสาว,ศุภมาส,อิศรภักดิ,สมาชิกสภาผู้แทนราษฎร (ส.ส.),24/5/2023,6/6/2023,12/6/2023,8/12/2023,20/3/2023,25/5/2019,รัฐสภา,81,นางสาว,ศุภมาส,อิศรภักดิ,50,สมรส,NONE,NONE,NONE,ทุ่งสองห้อง,หลักสี่,กรุงเทพมหานคร,10210.0,NONE,NONE,NONE,810,NONE,NONE,อิศรภักดิ,NONE,NONE,NONE,NONE,NONE,112092446.75,55818458.56,4500000.0,7,0,38,5,2,0,31,66089280.81361327,36478489.75905834,3166324.014281925,0.0,26444467.040273022,33044640.406806637,19826784.244083982,13217856.162722655,2,1
1913,2041,นาย,ณัฐพงษ์,เรืองปัญญาวุฒิ,สมาชิกสภาผู้แทนราษฎร (ส.ส.) พรรคอนาคตใหม่,26/6/2023,27/6/2023,5/7/2023,31/12/2023,25/5/2019,NONE,สำนักงานเลขาธิการสภาผู้แทนราษฎร,82,นาย,ณัฐพงษ์,เรืองปัญญาวุฒิ,35,สมรส,NONE,NONE,NONE,บางเชือกหนัง,ตลิ่งชัน,กรุงเทพมหานคร,10170.0,NONE,NONE,NONE,NONE,นาง,คู่สมรส ณัฐพงษ์,เรืองปัญญาวุฒิ,NONE,NONE,NONE,NONE,NONE,2492365.0,5844000.0,1362720.0,5,0,23,3,1,2,17,133155692.80342159,15363847.218897946,104403756.56995682,3392004.3953621103,9996084.6192047,66577846.40171079,39946707.84102648,26631138.56068432,4,0
1970,2098,NONE,จุติ,ไกรฤกษ์,สมาชิกสภาผู้แทนราษฎร (ส.ส.),5/8/2019,15/10/2019,NONE,NONE,25/5/2019,NONE,พรรคประชาธิปัตย์,65,นาย,จุติ,ไกรฤกษ์,63,NONE,NONE,NONE,NONE,ในเมือง,เมืองพิษณุโลก,พิษณุโลก,65000.0,NONE,NONE,NONE,650,นาง,NONE,ไกรฤกษ์,NONE,NONE,NONE,NONE,NONE,14247383.45,724.61,4082520.0,3,0,19,2,2,1,14,127735753.97177993,85410854.21136928,20613267.890114352,2502745.789788852,19208886.080507457,63867876.985889964,38320726.191533975,25547150.79435599,1,0
2420,2548,NONE,ธรรมนัส,พรหมเผ่า,รัฐมนตรี,13/12/2021,10/2/2022,NONE,NONE,8/9/2021,10/7/2019,พรรคพลังประชารัฐ,73,ร้อยเอก,ธรรมนัส,พรหมเผ่า,56,สมรส,NONE,NONE,NONE,บ้านต๋อม,เมืองพะเยา,พะเยา,56000.0,NONE,NONE,NONE,730,นาง,คู่สมรส ธรรมนัส,พรหมเผ่า,NONE,NONE,NONE,NONE,NONE,1859163.0,0.0,1110644.0,3,1,38,3,1,3,31,55698903.98941904,21418154.298989605,19736265.608949248,819636.8915095738,13724847.189970622,27849451.99470952,16709671.196825713,11139780.797883809,0,0
2434,2562,NONE,ปรีดี,ดาวฉาย,รัฐมนตรี,5/11/2020,15/12/2021,NONE,NONE,12/8/2020,NONE,กระทรวงการคลัง,74,นาย,ปรีดี,ดาวฉาย,62,สมรส,NONE,NONE,NONE,บางกะปิ,ห้วยขวาง,กรุงเทพมหานคร,10310.0,NONE,NONE,NONE,NONE,นาง,คู่สมรส ปรีดี,ดาวฉาย,NONE,NONE,NONE,NONE,NONE,36379958.22,29061841.89,288000.0,7,0,15,2,0,1,12,76028295.72851324,65462484.14065103,0.0,2421947.0681129443,8143864.519749271,38014147.86425662,22808488.71855397,15205659.145702649,3,0
2445,2573,NONE,อภิศักดิ์,ตันติวรวงศ์,รัฐมนตรี,3/9/2019,15/10/2019,NONE,NONE,16/7/2019,NONE,กระทรวงการคลัง,78,นาย,อภิศักดิ์,ตันติวรวงศ์,65,สมรส,NONE,NONE,NONE,คลองมหานาค,ป้อมปราบศัตรูพ่าย,กรุงเทพมหานคร,10100.0,NONE,NONE,NONE,780,นาง,คู่สมรส อภิศักดิ์,ตันติวรวงศ์,NONE,NONE,NONE,NONE,NONE,2372633.31,24606466.5,65000.0,3,0,32,8,0,3,21,132818239.37491374,119261106.21462385,0.0,5739132.053143058,7818001.10714681,66409119.68745687,39845471.81247412,26563647.87498275,2,0
2448,2576,NONE,อุตตม,สาวนายน,รัฐมนตรี,2/4/2019,15/10/2019,NONE,NONE,30/1/2019,NONE,กระทรวงอุตสาหกรรม,66,นาย,อุตตม,สาวนายน,58,สมรส,NONE,NONE,NONE,คลองตันเหนือ,วัฒนา,กรุงเทพมหานคร,NONE,NONE,NONE,NONE,660,NONE,คู่สมรส อุตตม,สาวนายน,NONE,NONE,NONE,NONE,NONE,646000.0,90023637.1,0.0,4,0,17,2,0,1,14,27652821.96425898,5870196.876115236,0.0,8141372.381141955,13641252.707001792,13826410.98212949,8295846.589277694,5530564.392851796,3,0
