﻿id,doc_id,nd_title,nd_first_name,nd_last_name,nd_position,submitted_date,disclosure_announcement_date,disclosure_start_date,disclosure_end_date,date_by_submitted_case,royal_start_date,agency,submitter_id,submitter_title,submitter_first_name,submitter_last_name,submitter_age,submitter_marital_status,submitter_status_date,submitter_status_month,submitter_status_year,submitter_sub_district,submitter_district,submitter_province,submitter_post_code,submitter_phone_number,submitter_mobile_number,submitter_email,spouse_id,spouse_title,spouse_first_name,spouse_last_name,spouse_age,spouse_status,spouse_status_date,spouse_status_month,spouse_status_year,statement_valuation_submitter_total,statement_valuation_spouse_total,statement_valuation_child_total,statement_detail_count,has_statement_detail_note,asset_count,asset_land_count,asset_building_count,asset_vehicle_count,asset_other_count,asset_total_valuation_amount,asset_land_valuation_amount,asset_building_valuation_amount,asset_vehicle_valuation_amount,asset_other_asset_valuation_amount,asset_valuation_submitter_amount,asset_valuation_spouse_amount,asset_valuation_child_amount,relative_count,relative_has_death_flag
62,190,นาย,ทดสอบ 1,ระบบ,สมาชิกสภาผู้แทนราษฎร (ส.ส.),2023-12-06,2023-12-06,2023-12-06,2024-06-06,2023-12-06,NONE,รัฐสภา,62,นาย,ทดสอบ 1,ระบบ,43,สมรส,NONE,NONE,NONE,เขตทดสอบ,อำเภอทดสอบ,จังหวัดทดสอบ,10000,NONE,NONE,NONE,62000,นาง,คู่สมรส 1,NONE,45,จดทะเบียนสมรส,NONE,NONE,NONE,767814621.16,205682140.15,59076473.410000004,7,0,6,1,0,0,5,1778278.901802814,281333.28137042816,0.0,0.0,1496945.620432386,889139.450901407,533483.6705408442,355655.78036056284,2,0
63,191,นาย,ทดสอบ 2,ระบบ,สมาชิกสภาผู้แทนราษฎร (ส.ส.),2023-12-06,2023-12-06,2023-12-06,2024-06-06,2023-12-06,NONE,รัฐสภา,63,นาย,ทดสอบ 2,ระบบ,43,สมรส,NONE,NONE,NONE,เขตทดสอบ,อำเภอทดสอบ,จังหวัดทดสอบ,10000,NONE,NONE,NONE,63000,NONE,NONE,NONE,62,จดทะเบียนสมรส,NONE,NONE,NONE,17926434.869999997,6280000.0,410000.0,7,0,4,1,0,0,3,3784516.2005089256,3272418.891785663,0.0,0.0,512097.3087232626,1892258.1002544628,1135354.8601526776,756903.2401017852,4,0
168,298,นาย,ทดสอบ 3,ระบบ,สมาชิกสภาผู้แทนราษฎร (ส.ส.),2023-12-06,2023-12-06,2023-12-06,2024-06-06,2023-12-06,NONE,รัฐสภา,168,นาย,ทดสอบ 3,ระบบ,55,สมรส,NONE,NONE,NONE,เขตทดสอบ,อำเภอทดสอบ,จังหวัดทดสอบ,10000,NONE,NONE,NONE,168000,นาง,NONE,ระบบ,35,จดทะเบียนสมรส,NONE,NONE,NONE,83631171.60000001,45242366.5,838880.0,4,0,4,0,1,1,2,2672989.908352864,0.0,1997190.326707962,443894.0670408227,231905.51460407904,1336494.954176432,801896.9725058592,534597.9816705728,1,1
292,422,นาย,ทดสอบ 4,ระบบ,สมาชิกสภาผู้แทนราษฎร (ส.ส.),2023-12-06,2023-12-06,2023-12-06,2024-06-06,2023-12-06,NONE,รัฐสภา,292,นาย,ทดสอบ 4,ระบบ,68,สมรส,NONE,NONE,NONE,เขตทดสอบ,อำเภอทดสอบ,จังหวัดทดสอบ,10000,NONE,NONE,NONE,292000,NONE,คู่สมรส 4,NONE,NONE,NONE,NONE,NONE,NONE,13169817.7,45003301.71,0.0,3,1,2,0,0,1,1,2452530.5897128233,0.0,0.0,2290942.2236821884,161588.36603063482,1226265.2948564116,735759.176913847,490506.11794256466,0,1
428,558,นาย,ทดสอบ 5,ระบบ,สมาชิกสภาผู้แทนราษฎร (ส.ส.),2023-12-06,2023-12-06,2023-12-06,2024-06-06,2023-12-06,NONE,รัฐสภา,428,นาย,ทดสอบ 5,ระบบ,42,สมรส,NONE,NONE,NONE,เขตทดสอบ,อำเภอทดสอบ,จังหวัดทดสอบ,10000,NONE,NONE,NONE,428000,นาง,คู่สมรส 5,ระบบ,54,NONE,NONE,NONE,NONE,0.0,10369909.75,0.0,3,1,3,0,0,0,3,286121.2152483984,0.0,0.0,0.0,286121.2152483984,143060.6076241992,85836.36457451952,57224.24304967969,6,0
663,792,นาย,ทดสอบ 6,ระบบ,สมาชิกสภาผู้แทนราษฎร (ส.ส.),2023-12-06,2023-12-06,2023-12-06,2024-06-06,2023-12-06,NONE,รัฐสภา,663,นาย,ทดสอบ 6,ระบบ,57,สมรส,NONE,NONE,NONE,เขตทดสอบ,อำเภอทดสอบ,จังหวัดทดสอบ,10000,NONE,NONE,NONE,NONE,NONE,คู่สมรส 6,NONE,NONE,จดทะเบียนสมรส,NONE,NONE,NONE,3912170.32,8816342.07,623970.0,2,0,4,0,0,0,4,484545.86633731646,0.0,0.0,0.0,484545.86633731646,242272.93316865823,145363.75990119492,96909.1732674633,4,0
674,803,นาย,ทดสอบ 7,ระบบ,สมาชิกสภาผู้แทนราษฎร (ส.ส.),2023-12-06,2023-12-06,2023-12-06,2024-06-06,2023-12-06,NONE,รัฐสภา,674,นาย,ทดสอบ 7,ระบบ,62,สมรส,NONE,NONE,NONE,เขตทดสอบ,อำเภอทดสอบ,จังหวัดทดสอบ,10000,NONE,NONE,NONE,674000,นาง,คู่สมรส 7,ระบบ,36,NONE,NONE,NONE,NONE,39040666.51,64748583.17,840000.0,3,1,3,1,0,0,2,15445063.988936666,14742620.099637913,0.0,0.0,702443.8892987544,7722531.994468333,4633519.196680999,3089012.7977873334,4,0
727,857,นาย,ทดสอบ 8,ระบบ,สมาชิกสภาผู้แทนราษฎร (ส.ส.),2023-12-06,2023-12-06,2023-12-06,2024-06-06,2023-12-06,NONE,รัฐสภา,727,นาย,ทดสอบ 8,ระบบ,40,สมรส,NONE,NONE,NONE,เขตทดสอบ,อำเภอทดสอบ,จังหวัดทดสอบ,10000,NONE,NONE,NONE,727000,นาง,คู่สมรส 8,ระบบ,43,NONE,NONE,NONE,NONE,6518723.52,4944109.59,0.0,1,0,4,1,0,0,3,6719539.52169256,5052361.490859913,0.0,0.0,1667178.030832647,3359769.76084628,2015861.856507768,1343907.904338512,3,1
818,947,นาย,ทดสอบ 9,ระบบ,สมาชิกสภาผู้แทนราษฎร (ส.ส.),2023-12-06,2023-12-06,2023-12-06,2024-06-06,2023-12-06,NONE,รัฐสภา,818,นาย,ทดสอบ 9,ระบบ,63,สมรส,NONE,NONE,NONE,เขตทดสอบ,อำเภอทดสอบ,จังหวัดทดสอบ,10000,NONE,NONE,NONE,NONE,นาง,คู่สมรส 9,ระบบ,56,จดทะเบียนสมรส,NONE,NONE,NONE,39663726.480000004,69541365.84,60000.0,5,0,5,1,0,0,4,1788920.762941184,1186185.9237708433,0.0,0.0,602734.839170341,894460.381470592,536676.2288823551,357784.15258823684,2,0
885,1015,นาย,ทดสอบ 10,ระบบ,สมาชิกสภาผู้แทนราษฎร (ส.ส.),2023-12-06,2023-12-06,2023-12-06,2024-06-06,2023-12-06,NONE,รัฐสภา,885,นาย,ทดสอบ 10,ระบบ,68,สมรส,NONE,NONE,NONE,เขตทดสอบ,อำเภอทดสอบ,จังหวัดทดสอบ,10000,NONE,NONE,NONE,885000,NONE,NONE,ระบบ,60,NONE,NONE,NONE,NONE,40083904.57,46087790.16,4145.0,5,0,4,0,0,0,4,300256.13065287366,0.0,0.0,0.0,300256.13065287366,150128.06532643683,90076.83919586209,60051.22613057474,6,0
902,1032,นาย,ทดสอบ 11,ระบบ,สมาชิกสภาผู้แทนราษฎร (ส.ส.),2023-12-06,2023-12-06,2023-12-06,2024-06-06,2023-12-06,NONE,รัฐสภา,902,นาย,ทดสอบ 11,ระบบ,64,สมรส,NONE,NONE,NONE,เขตทดสอบ,อำเภอทดสอบ,จังหวัดทดสอบ,10000,NONE,NONE,NONE,902000,NONE,คู่สมรส 11,ระบบ,NONE,จดทะเบียนสมรส,NONE,NONE,NONE,18529457.0,6145349.21,3319495.0,7,0,4,1,0,0,3,20236883.03617322,19737800.74630417,0.0,0.0,499082.2898690502,10118441.51808661,6071064.910851966,4047376.6072346442,3,0
907,1037,นาย,ทดสอบ 12,ระบบ,สมาชิกสภาผู้แทนราษฎร (ส.ส.),2023-12-06,2023-12-06,2023-12-06,2024-06-06,2023-12-06,NONE,รัฐสภา,907,นาย,ทดสอบ 12,ระบบ,60,สมรส,NONE,NONE,NONE,เขตทดสอบ,อำเภอทดสอบ,จังหวัดทดสอบ,10000,NONE,NONE,NONE,907000,นาง,คู่สมรส 12,ระบบ,51,NONE,NONE,NONE,NONE,5155036.0,940800.0,0.0,3,0,4,1,0,0,3,10952114.607695857,8294178.955958541,0.0,0.0,2657935.6517373165,5476057.3038479285,3285634.382308757,2190422.9215391716,3,0
1550,1678,นาย,ทดสอบ 13,ระบบ,สมาชิกสภาผู้แทนราษฎร (ส.ส.),2023-12-06,2023-12-06,2023-12-06,2024-06-06,2023-12-06,NONE,รัฐสภา,1550,นาย,ทดสอบ 13,ระบบ,58,สมรส,NONE,NONE,NONE,เขตทดสอบ,อำเภอทดสอบ,จังหวัดทดสอบ,10000,NONE,NONE,NONE,1550000,NONE,คู่สมรส 13,ระบบ,57,จดทะเบียนสมรส,NONE,NONE,NONE,17666280.0,3240800.0,0.0,3,0,6,2,0,0,4,73526339.40764296,70896233.26701897,0.0,0.0,2630106.1406239835,36763169.70382148,22057901.822292887,14705267.881528594,1,0
1587,1715,นาย,ทดสอบ 14,ระบบ,สมาชิกสภาผู้แทนราษฎร (ส.ส.),2023-12-06,2023-12-06,2023-12-06,2024-06-06,2023-12-06,NONE,รัฐสภา,1587,นาย,ทดสอบ 14,ระบบ,67,สมรส,NONE,NONE,NONE,เขตทดสอบ,อำเภอทดสอบ,จังหวัดทดสอบ,10000,NONE,NONE,NONE,1587000,นาง,คู่สมรส 14,NONE,50,จดทะเบียนสมรส,NONE,NONE,NONE,3106500.0,147978353.75,2266088.5300000003,7,0,1,0,0,0,1,117203.42000609024,0.0,0.0,0.0,117203.42000609024,58601.71000304512,35161.02600182707,23440.684001218047,3,0
1702,1830,นาย,ทดสอบ 15,ระบบ,สมาชิกสภาผู้แทนราษฎร (ส.ส.),2023-12-06,2023-12-06,2023-12-06,2024-06-06,2023-12-06,NONE,รัฐสภา,1702,นาย,ทดสอบ 15,ระบบ,69,สมรส,NONE,NONE,NONE,เขตทดสอบ,อำเภอทดสอบ,จังหวัดทดสอบ,10000,NONE,NONE,NONE,1702000,นาง,NONE,ระบบ,NONE,จดทะเบียนสมรส,NONE,NONE,NONE,0.0,0.0,0.0,1,0,3,0,0,0,3,564874.5210378747,0.0,0.0,0.0,564874.5210378747,282437.2605189374,169462.3563113624,112974.90420757496,2,0
1742,1870,นาย,ทดสอบ 16,ระบบ,สมาชิกสภาผู้แทนราษฎร (ส.ส.),2023-12-06,2023-12-06,2023-12-06,2024-06-06,2023-12-06,NONE,รัฐสภา,1742,นาย,ทดสอบ 16,ระบบ,52,สมรส,NONE,NONE,NONE,เขตทดสอบ,อำเภอทดสอบ,จังหวัดทดสอบ,10000,NONE,NONE,NONE,1742000,NONE,NONE,ระบบ,53,NONE,NONE,NONE,NONE,33275440.0,1953423.27,0.0,3,0,6,1,0,0,5,1638264.2879444975,126751.03160802452,0.0,0.0,1511513.256336473,819132.1439722488,491479.2863833492,327652.85758889955,5,1
1807,1935,นาย,ทดสอบ 17,ระบบ,สมาชิกสภาผู้แทนราษฎร (ส.ส.),2023-12-06,2023-12-06,2023-12-06,2024-06-06,2023-12-06,NONE,รัฐสภา,1807,นาย,ทดสอบ 17,ระบบ,40,สมรส,NONE,NONE,NONE,เขตทดสอบ,อำเภอทดสอบ,จังหวัดทดสอบ,10000,NONE,NONE,NONE,NONE,นาง,คู่สมรส 17,ระบบ,54,จดทะเบียนสมรส,NONE,NONE,NONE,1008000.0,0.0,1488720.0,3,0,2,0,0,0,2,392623.4517266569,0.0,0.0,0.0,392623.4517266569,196311.72586332844,117787.03551799706,78524.69034533137,8,0
1913,2041,นาย,ทดสอบ 18,ระบบ,สมาชิกสภาผู้แทนราษฎร (ส.ส.),2023-12-06,2023-12-06,2023-12-06,2024-06-06,2023-12-06,NONE,รัฐสภา,1913,นาย,ทดสอบ 18,ระบบ,64,สมรส,NONE,NONE,NONE,เขตทดสอบ,อำเภอทดสอบ,จังหวัดทดสอบ,10000,NONE,NONE,NONE,1913000,NONE,คู่สมรส 18,NONE,NONE,จดทะเบียนสมรส,NONE,NONE,NONE,85087499.77000001,78889004.33,1422720.0,10,0,7,1,0,0,6,6232918.25423476,1473273.7434253,0.0,0.0,4759644.51080946,3116459.12711738,1869875.476270428,1246583.650846952,3,1
1970,2098,นาย,ทดสอบ 19,ระบบ,สมาชิกสภาผู้แทนราษฎร (ส.ส.),2023-12-06,2023-12-06,2023-12-06,2024-06-06,2023-12-06,NONE,รัฐสภา,1970,นาย,ทดสอบ 19,ระบบ,62,สมรส,NONE,NONE,NONE,เขตทดสอบ,อำเภอทดสอบ,จังหวัดทดสอบ,10000,NONE,NONE,NONE,NONE,นาง,คู่สมรส 19,ระบบ,49,จดทะเบียนสมรส,NONE,NONE,NONE,117595688.89999999,93388000.86,2491440.0,6,1,2,0,0,0,2,426581.9395121504,0.0,0.0,0.0,426581.9395121504,213290.9697560752,127974.58185364513,85316.38790243008,4,1
2420,2548,นาย,ทดสอบ 20,ระบบ,สมาชิกสภาผู้แทนราษฎร (ส.ส.),2023-12-06,2023-12-06,2023-12-06,2024-06-06,2023-12-06,NONE,รัฐสภา,2420,นาย,ทดสอบ 20,ระบบ,65,สมรส,NONE,NONE,NONE,เขตทดสอบ,อำเภอทดสอบ,จังหวัดทดสอบ,10000,NONE,NONE,NONE,2420000,NONE,คู่สมรส 20,ระบบ,59,จดทะเบียนสมรส,NONE,NONE,NONE,1507200.0,2457227.44,564000.0,4,0,7,2,0,0,5,39180627.04919672,37790845.52210341,0.0,0.0,1389781.527093319,19590313.52459836,11754188.114759015,7836125.409839344,1,0
2434,2562,นาย,ทดสอบ 21,ระบบ,สมาชิกสภาผู้แทนราษฎร (ส.ส.),2023-12-06,2023-12-06,2023-12-06,2024-06-06,2023-12-06,NONE,รัฐสภา,2434,นาย,ทดสอบ 21,ระบบ,41,สมรส,NONE,NONE,NONE,เขตทดสอบ,อำเภอทดสอบ,จังหวัดทดสอบ,10000,NONE,NONE,NONE,2434000,นาง,NONE,ระบบ,63,จดทะเบียนสมรส,NONE,NONE,NONE,10933391.05,6437649.67,600000.0,7,1,2,0,0,1,1,677982.0784280052,0.0,0.0,561042.9536559018,116939.12477210336,338991.0392140026,203394.62352840157,135596.41568560104,1,0
2445,2573,นาย,ทดสอบ 22,ระบบ,สมาชิกสภาผู้แทนราษฎร (ส.ส.),2023-12-06,2023-12-06,2023-12-06,2024-06-06,2023-12-06,NONE,รัฐสภา,2445,นาย,ทดสอบ 22,ระบบ,51,สมรส,NONE,NONE,NONE,เขตทดสอบ,อำเภอทดสอบ,จังหวัดทดสอบ,10000,NONE,NONE,NONE,NONE,นาง,คู่สมรส 22,ระบบ,NONE,จดทะเบียนสมรส,NONE,NONE,NONE,2412799.58,51202611.57,149438.58,3,0,4,2,0,0,2,14861802.566767234,14643122.353960078,0.0,0.0,218680.2128071554,7430901.283383617,4458540.77003017,2972360.513353447,5,0
2448,2576,นาย,ทดสอบ 23,ระบบ,สมาชิกสภาผู้แทนราษฎร (ส.ส.),2023-12-06,2023-12-06,2023-12-06,2024-06-06,2023-12-06,NONE,รัฐสภา,2448,นาย,ทดสอบ 23,ระบบ,63,สมรส,NONE,NONE,NONE,เขตทดสอบ,อำเภอทดสอบ,จังหวัดทดสอบ,10000,NONE,NONE,NONE,2448000,นาง,คู่สมรส 23,ระบบ,44,จดทะเบียนสมรส,NONE,NONE,NONE,5376346.59,9877610.71,0.0,3,0,4,1,0,0,3,10879119.739243276,10551634.124272466,0.0,0.0,327485.61497081164,5439559.869621638,3263735.921772983,2175823.9478486553,4,1
